ticker,period,fy,fq,period_end,is_est,est_source,eps_basis,revenue,gross_profit,eps_diluted_adj,shares_diluted,total_equity,dps,price_at_end
AAOI,FY2026Q2,2026,2,2026-06-30,N,actual,street,191922000.0,53207000.0,0.06,81568000.0,1668025000.0,,148.16000366210938
AAOI,FY2026Q1,2026,1,2026-03-31,N,actual,street,151144000.0,43916000.0,-0.07,75980000.0,1105952000.0,,84.58999633789062
AAOI,FY2025Q4,2025,4,2025-12-31,N,actual,street,134274000.0,41944000.0,-0.01,70336000.0,733918000.0,,34.86000061035156
AAOI,FY2025Q3,2025,3,2025-09-30,N,actual,street,118630000.0,33263000.0,-0.09,63329000.0,559085000.0,,25.93000030517578
AAOI,FY2025Q2,2025,2,2025-06-30,N,actual,street,102952000.0,31162000.0,-0.16,56772000.0,424981000.0,,25.690000534057617
AAOI,FY2025Q1,2025,1,2025-03-31,N,actual,street,99859000.0,30544000.0,-0.02,44458301.0,309013000.0,,15.350000381469728
AAOI,FY2024Q4,2024,4,2024-12-31,N,actual,street,100271000.0,28729000.0,-0.02,83077102.0,229112000.0,,36.86000061035156
AAOI,FY2024Q3,2024,3,2024-09-30,N,actual,street,65151000.0,15917000.0,-0.21,39165870.0,212086000.0,,14.3100004196167
AAOI,FY2024Q2,2024,2,2024-06-30,N,actual,street,43270000.0,9562000.0,-0.28,36785150.0,186494000.0,,8.289999961853027
AAOI,FY2024Q1,2024,1,2024-03-31,N,actual,street,40673000.0,7591000.0,-0.31,34316824.0,195726000.0,,13.859999656677246
AAOI,FY2023Q4,2023,4,2023-12-31,N,actual,street,60453000.0,21604000.0,0.04,31944259.0,214869000.0,,19.31999969482422
AAOI,FY2023Q3,2023,3,2023-09-30,N,actual,street,62547000.0,20174000.0,-0.05,29910996.0,178353000.0,,10.970000267028809
AAOI,FY2023Q2,2023,2,2023-06-30,N,actual,street,41615000.0,7898000.0,-0.21,29488561.0,163259000.0,,5.960000038146973
AAOI,FY2023Q1,2023,1,2023-03-31,N,actual,street,53030000.0,9244000.0,-0.25,28871857.0,172637000.0,,2.2100000381469727
AAOI,FY2022Q4,2022,4,2022-12-31,N,actual,street,61585000.0,6226000.0,-0.19,,184670000.0,,1.8899999856948853
AAOI,FY2022Q3,2022,3,2022-09-30,N,actual,street,56693000.0,9749000.0,-0.26,83517735.0,198538000.0,,2.720000028610229
AAOI,FY2022Q2,2022,2,2022-06-30,N,actual,street,52299000.0,8628000.0,-0.28,82836945.0,219594000.0,,1.5499999523162842
AAOI,FY2022Q1,2022,1,2022-03-31,N,actual,street,52242000.0,9025000.0,-0.29,82389963.0,239577000.0,,3.650000095367432
AAOI,FY2021Q4,2021,4,2021-12-31,N,actual,street,54408000.0,8095000.0,-0.2,,254570000.0,,5.139999866485596
AAOI,FY2021Q3,2021,3,2021-09-30,N,actual,street,53267000.0,8124000.0,-0.2,81292116.0,263968000.0,,7.179999828338623
AAOI,FY2021Q2,2021,2,2021-06-30,N,actual,street,54189000.0,10778000.0,-0.15,80550096.0,277291000.0,,8.470000267028809
AAOI,FY2021Q1,2021,1,2021-03-31,N,actual,street,49701000.0,10719000.0,-0.21,79314213.0,278472000.0,,8.359999656677246
AAOI,FY2020Q4,2020,4,2020-12-31,N,actual,street,52325000.0,11277000.0,-0.2,,277891000.0,,8.510000228881836
AAOI,FY2020Q3,2020,3,2020-09-30,N,actual,street,76608000.0,19190000.0,-0.06,22744361.0,265166000.0,,11.25
AAPL,FY2026Q3,2026,3,2026-06-30,N,actual,street,109417000000.0,54770000000.0,2.02,14714676000.0,107520000000.0,0.27,289.3599853515625
AAPL,FY2026Q2,2026,2,2026-03-31,N,actual,street,111184000000.0,54781000000.0,2.01,14725873000.0,106491000000.0,0.26,253.7899932861328
AAPL,FY2026Q1,2026,1,2025-12-31,N,actual,street,143756000000.0,69231000000.0,2.84,14810356000.0,88190000000.0,0.26,271.8599853515625
AAPL,FY2025Q4,2025,4,2025-09-30,N,actual,street,102466000000.0,48341000000.0,1.85,14863609000.0,73733000000.0,0.26,254.6300048828125
AAPL,FY2025Q3,2025,3,2025-06-30,N,actual,street,94036000000.0,43718000000.0,1.57,14948179000.0,65830000000.0,0.26,205.1699981689453
AAPL,FY2025Q2,2025,2,2025-03-31,N,actual,street,95359000000.0,44867000000.0,1.65,15199507000.0,66796000000.0,0.25,222.1300048828125
AAPL,FY2025Q1,2025,1,2024-12-31,N,actual,street,124300000000.0,58275000000.0,2.4,15301651000.0,66758000000.0,0.25,250.4199981689453
AAPL,FY2024Q4,2024,4,2024-09-30,N,actual,street,94930000000.0,43879000000.0,0.97,15408095000.0,56950000000.0,0.25,233.0
AAPL,FY2024Q3,2024,3,2024-06-30,N,actual,street,85777000000.0,39678000000.0,1.4,15515481000.0,66708000000.0,0.25,210.6199951171875
AAPL,FY2024Q2,2024,2,2024-03-31,N,actual,street,90753000000.0,42271000000.0,1.53,15622192500.0,74194000000.0,0.24,171.47999572753906
AAPL,FY2024Q1,2024,1,2023-12-31,N,actual,street,119575000000.0,54855000000.0,2.18,15717777750.0,74100000000.0,0.24,192.52999877929688
AAPL,FY2023Q4,2023,4,2023-09-30,N,actual,street,89498000000.0,40427000000.0,1.46,15812547000.0,62146000000.0,0.24,171.2100067138672
AAPL,FY2023Q3,2023,3,2023-06-30,N,actual,street,81797000000.0,36413000000.0,1.26,15775021000.0,60274000000.0,0.24,193.97000122070312
AAPL,FY2023Q2,2023,2,2023-03-31,N,actual,street,94836000000.0,41976000000.0,1.52,15847050000.0,62158000000.0,0.23,164.89999389648438
AAPL,FY2023Q1,2023,1,2022-12-31,N,actual,street,117154000000.0,50332000000.0,1.88,15955718000.0,56727000000.0,0.23,129.92999267578125
AAPL,FY2022Q4,2022,4,2022-09-30,N,actual,street,90146000000.0,38095000000.0,1.29,,50672000000.0,0.23,138.1999969482422
AAPL,FY2022Q3,2022,3,2022-06-30,N,actual,street,82959000000.0,35885000000.0,1.2,16262203000.0,58107000000.0,0.23,136.72000122070312
AAPL,FY2022Q2,2022,2,2022-03-31,N,actual,street,97278000000.0,42559000000.0,1.52,16403316000.0,67399000000.0,0.22,174.61000061035156
AAPL,FY2022Q1,2022,1,2021-12-31,N,actual,street,123945000000.0,54243000000.0,2.1,16519291000.0,71932000000.0,0.22,177.57000732421875
AAPL,FY2021Q4,2021,4,2021-09-30,N,actual,street,83360000000.0,35174000000.0,1.24,,63090000000.0,0.22,141.5
AAPL,FY2021Q3,2021,3,2021-06-30,N,actual,street,81434000000.0,35255000000.0,1.3,16781735000.0,64280000000.0,0.22,136.9600067138672
AAPL,FY2021Q2,2021,2,2021-03-31,N,actual,street,89584000000.0,38079000000.0,1.4,16929157000.0,69178000000.0,0.205,122.1500015258789
AAPL,FY2021Q1,2021,1,2020-12-31,N,actual,street,111439000000.0,44328000000.0,1.68,17113688000.0,66224000000.0,0.205,132.69000244140625
AAPL,FY2020Q4,2020,4,2020-09-30,N,actual,street,64698000000.0,24689000000.0,0.73,,65339000000.0,,115.80999755859376
AMZN,FY2026Q2,2026,2,2026-06-30,N,actual,street,775680000000.0,393810000000.0,5.75,10903000000.0,551620000000.0,,238.33999633789065
AMZN,FY2026Q1,2026,1,2026-03-31,N,actual,street,181519000000.0,94056000000.0,2.78,10874000000.0,441914000000.0,,208.2700042724609
AMZN,FY2025Q4,2025,4,2025-12-31,N,actual,street,213386000000.0,103427000000.0,1.95,10863000000.0,411065000000.0,,230.82000732421875
AMZN,FY2025Q3,2025,3,2025-09-30,N,actual,street,180169000000.0,91499000000.0,1.95,10845000000.0,369631000000.0,,219.57000732421875
AMZN,FY2025Q2,2025,2,2025-06-30,N,actual,street,167702000000.0,86893000000.0,1.68,10806000000.0,333775000000.0,,219.38999938964844
AMZN,FY2025Q1,2025,1,2025-03-31,N,actual,street,155667000000.0,78691000000.0,1.59,10751750000.0,305867000000.0,,190.259994506836
AMZN,FY2024Q4,2024,4,2024-12-31,N,actual,street,187792000000.0,88899000000.0,1.86,10721000000.0,285970000000.0,,219.38999938964844
AMZN,FY2024Q3,2024,3,2024-09-30,N,actual,street,158877000000.0,77900000000.0,1.43,10681750000.0,259151000000.0,,186.3300018310547
AMZN,FY2024Q2,2024,2,2024-06-30,N,actual,street,147977000000.0,74192000000.0,1.26,10637500000.0,236447000000.0,,193.25
AMZN,FY2024Q1,2024,1,2024-03-31,N,actual,street,143313000000.0,70680000000.0,0.98,10572750000.0,216661000000.0,,180.3800048828125
AMZN,FY2023Q4,2023,4,2023-12-31,N,actual,street,169961000000.0,77408000000.0,1.0,10492000000.0,201875000000.0,,151.94000244140625
AMZN,FY2023Q3,2023,3,2023-09-30,N,actual,street,143083000000.0,68061000000.0,0.94,10394500000.0,182973000000.0,,127.12000274658205
AMZN,FY2023Q2,2023,2,2023-06-30,N,actual,street,134383000000.0,65010000000.0,0.65,10449000000.0,168602000000.0,,130.36000061035156
AMZN,FY2023Q1,2023,1,2023-03-31,N,actual,street,127358000000.0,59567000000.0,0.31,10347000000.0,154526000000.0,,103.29000091552734
AMZN,FY2022Q4,2022,4,2022-12-31,N,actual,street,149204000000.0,63564000000.0,0.03,,146043000000.0,,84.0
AMZN,FY2022Q3,2022,3,2022-09-30,N,actual,street,127101000000.0,56833000000.0,0.28,10331000000.0,137489000000.0,,113.0
AMZN,FY2022Q2,2022,2,2022-06-30,N,actual,street,121234000000.0,54810000000.0,-0.2,10175000000.0,131402000000.0,,106.20999908447266
AMZN,FY2022Q1,2022,1,2022-03-31,N,actual,street,116444000000.0,49945000000.0,-0.38,10171000000.0,134001000000.0,,162.99749755859375
AMZN,FY2021Q4,2021,4,2021-12-31,N,actual,street,137412000000.0,54577000000.0,1.39,,138245000000.0,,166.7169952392578
AMZN,FY2021Q3,2021,3,2021-09-30,N,actual,street,110812000000.0,47882000000.0,0.31,10309000000.0,120564000000.0,,164.2519989013672
AMZN,FY2021Q2,2021,2,2021-06-30,N,actual,street,113080000000.0,48904000000.0,0.76,10286000000.0,114803000000.0,,172.00799560546875
AMZN,FY2021Q1,2021,1,2021-03-31,N,actual,street,108518000000.0,46115000000.0,0.79,513000000.0,103320000000.0,,154.70399475097656
AMZN,FY2020Q4,2020,4,2020-12-31,N,actual,street,125555000000.0,46271000000.0,0.7,513000000.0,93404000000.0,,162.84649658203125
AMZN,FY2020Q3,2020,3,2020-09-30,N,actual,street,96145000000.0,39039000000.0,0.62,512000000.0,82775000000.0,,157.43649291992188
CEG,FY2026Q2,2026,2,2026-06-30,N,actual,street,7504000000.0,1228000000.0,2.55,360000000.0,31977000000.0,0.427,248.3699951171875
CEG,FY2026Q1,2026,1,2026-03-31,N,actual,street,11122000000.0,2990000000.0,2.74,354000000.0,33483000000.0,0.427,279.25
CEG,FY2025Q4,2025,4,2025-12-31,N,actual,street,6074000000.0,990000000.0,2.3,313000000.0,14517000000.0,0.388,353.2699890136719
CEG,FY2025Q3,2025,3,2025-09-30,N,actual,street,6570000000.0,1492000000.0,3.04,313000000.0,14350000000.0,0.388,329.07000732421875
CEG,FY2025Q2,2025,2,2025-06-30,N,actual,street,6101000000.0,1352000000.0,1.91,314000000.0,13446000000.0,0.388,322.760009765625
CEG,FY2025Q1,2025,1,2025-03-31,N,actual,street,6788000000.0,859000000.0,2.14,314000000.0,12956000000.0,0.388,201.6300048828125
CEG,FY2024Q4,2024,4,2024-12-31,N,actual,street,5382000000.0,1286000000.0,2.44,315000000.0,13166000000.0,0.353,223.7100067138672
CEG,FY2024Q3,2024,3,2024-09-30,N,actual,street,6550000000.0,1896000000.0,2.74,317250000.0,12570000000.0,0.353,260.0199890136719
CEG,FY2024Q2,2024,2,2024-06-30,N,actual,street,5475000000.0,1543000000.0,1.68,319000000.0,11425000000.0,0.353,200.2700042724609
CEG,FY2024Q1,2024,1,2024-03-31,N,actual,street,6161000000.0,1258000000.0,1.82,321500000.0,11199000000.0,0.353,184.8500061035156
CEG,FY2023Q4,2023,4,2023-12-31,N,actual,street,5796000000.0,267000000.0,-0.11,324000000.0,10925000000.0,0.282,116.88999938964844
CEG,FY2023Q3,2023,3,2023-09-30,N,actual,street,6111000000.0,1485000000.0,1.99,326750000.0,11666000000.0,0.282,109.08000183105467
CEG,FY2023Q2,2023,2,2023-06-30,N,actual,street,5446000000.0,1118000000.0,1.45,325000000.0,11256000000.0,0.282,91.5500030517578
CEG,FY2023Q1,2023,1,2023-03-31,N,actual,street,7565000000.0,427000000.0,0.39,328000000.0,10728000000.0,0.282,78.5
CEG,FY2022Q4,2022,4,2022-12-31,N,actual,street,7333000000.0,291000000.0,0.17,,11018000000.0,0.141,86.20999908447266
CEG,FY2022Q3,2022,3,2022-09-30,N,actual,street,6051000000.0,347000000.0,0.54,328000000.0,10803000000.0,0.141,83.19000244140625
CEG,FY2022Q2,2022,2,2022-06-30,N,actual,street,5465000000.0,715000000.0,1.66,328000000.0,11000000000.0,0.141,57.2599983215332
CEG,FY2022Q1,2022,1,2022-03-31,N,actual,street,5591000000.0,836000000.0,1.81,328000000.0,11105000000.0,0.141,56.25
CEG,FY2021Q4,2021,4,2021-12-31,N,actual,street,5532000000.0,-271000000.0,0.13,,11219000000.0,0.0,
CEG,FY2021Q3,2021,3,2021-09-30,N,actual,street,4406000000.0,1897000000.0,0.06,0.0,11634000000.0,0.0,
CEG,FY2021Q2,2021,2,2021-06-30,N,actual,street,4153000000.0,745000000.0,,0.0,10632000000.0,0.0,
CEG,FY2021Q1,2021,1,2021-03-31,N,actual,street,5559000000.0,-52000000.0,,0.0,11149000000.0,0.0,
CEG,FY2020Q4,2020,4,2020-12-31,N,actual,street,4331000000.0,346000000.0,,,12399000000.0,0.0,
CEG,FY2020Q3,2020,3,2020-09-30,N,actual,street,4659000000.0,1395000000.0,,,12711000000.0,,
CRWD,FY2027Q2,2027,2,2026-07-31,N,actual,street,5396145000.0,4057363000.0,0.31,1022955500.0,5101724000.0,,190.8600006103516
CRWD,FY2027Q1,2027,1,2026-04-30,N,actual,street,1385629000.0,1043352000.0,0.28,1031524000.0,4633877000.0,,111.4375
CRWD,FY2026Q4,2026,4,2026-01-31,N,actual,street,1305375000.0,993677000.0,0.28,1032532000.0,4428390000.0,,110.35124969482422
CRWD,FY2026Q3,2026,3,2025-10-31,N,actual,street,1234244000.0,926439000.0,0.24,1005304000.0,4016497000.0,,135.75250244140625
CRWD,FY2026Q2,2026,2,2025-07-31,N,actual,street,1168952000.0,858669000.0,0.23,999636000.0,3756680000.0,,113.64250183105467
CRWD,FY2026Q1,2026,1,2025-04-30,N,actual,street,1103434000.0,815559000.0,0.18,993728000.0,3450877000.0,,107.21749877929688
CRWD,FY2025Q4,2025,4,2025-01-31,N,actual,street,1058538000.0,784548000.0,0.26,,3279494000.0,,99.51750183105467
CRWD,FY2025Q3,2025,3,2024-10-31,N,actual,street,1010178000.0,755091000.0,0.23,,3057933000.0,,74.21749877929688
CRWD,FY2025Q2,2025,2,2024-07-31,N,actual,street,963872000.0,726471000.0,0.26,993222000.0,2852915000.0,,57.9900016784668
CRWD,FY2025Q1,2025,1,2024-04-30,N,actual,street,921036000.0,696033000.0,0.23,984106000.0,2535540000.0,,73.13500213623047
CRWD,FY2024Q4,2024,4,2024-01-31,N,actual,street,845335000.0,636763000.0,0.24,243635000.0,2303950000.0,,73.125
CRWD,FY2024Q3,2024,3,2023-10-31,N,actual,street,786014000.0,591010000.0,0.21,240409500.0,2028950000.0,,44.192501068115234
CRWD,FY2024Q2,2024,2,2023-07-31,N,actual,street,731626000.0,548709000.0,0.19,,1838207000.0,,40.415000915527344
CRWD,FY2024Q1,2024,1,2023-04-30,N,actual,street,692580000.0,523350000.0,0.14,,1605301000.0,,30.012500762939453
CRWD,FY2023Q4,2023,4,2023-01-31,N,actual,street,637367000.0,461763000.0,0.12,,1463641000.0,,26.475000381469727
CRWD,FY2023Q3,2023,3,2022-10-31,N,actual,street,580882000.0,422654000.0,0.1,,1314289000.0,,40.29999923706055
CRWD,FY2023Q2,2023,2,2022-07-31,N,actual,street,535153000.0,394586000.0,0.09,,1225419000.0,,45.900001525878906
CRWD,FY2023Q1,2023,1,2022-04-30,N,actual,street,487834000.0,361002000.0,0.08,,1102541000.0,,49.68999862670898
CRWD,FY2022Q4,2022,4,2022-01-31,N,actual,street,431010000.0,318390000.0,0.08,,1025763999.0,,45.15999984741211
CRWD,FY2022Q3,2022,3,2021-10-31,N,actual,street,380051000.0,278387000.0,0.04,,948182000.0,,70.44999694824219
CRWD,FY2022Q2,2022,2,2021-07-31,N,actual,street,337690000.0,247258000.0,0.03,,904268000.0,,63.40250015258789
CRWD,FY2022Q1,2022,1,2021-04-30,N,actual,street,302843000.0,224338000.0,0.03,,849264000.0,,52.12749862670898
CRWD,FY2021Q4,2021,4,2021-01-31,N,actual,street,264929000.0,198197000.0,0.03,,870574000.0,,53.95000076293945
CRWD,FY2021Q3,2021,3,2020-10-31,N,actual,street,232460000.0,170933000.0,0.02,,813485000.0,,30.959999084472656
DELL,FY2027Q1,2027,1,2026-04-30,N,actual,street,43842000000.0,7782000000.0,4.86,656000000.0,-1404000000.0,0.63,208.9499969482422
DELL,FY2026Q4,2026,4,2026-01-31,N,actual,street,33379000000.0,6730000000.0,3.89,670326409.0,-2470000000.0,0.525,114.44000244140624
DELL,FY2026Q3,2026,3,2025-10-31,N,actual,street,27005000000.0,5593000000.0,2.59,678947368.0,-2620000000.0,0.525,162.00999450683594
DELL,FY2026Q2,2026,2,2025-07-31,N,actual,street,29776000000.0,5447000000.0,2.32,684705882.0,-2766000000.0,0.525,132.69000244140625
DELL,FY2026Q1,2026,1,2025-04-30,N,actual,street,23378000000.0,4937000000.0,1.55,704379562.0,-3024000000.0,0.525,91.76000213623048
DELL,FY2025Q4,2025,4,2025-01-31,N,actual,street,23806000000.0,5485000000.0,2.68,,-1482000000.0,0.445,103.5999984741211
DELL,FY2025Q3,2025,3,2024-10-31,N,actual,street,24366000000.0,5307000000.0,2.15,724000000.0,-2285000000.0,0.445,123.62999725341795
DELL,FY2025Q2,2025,2,2024-07-31,N,actual,street,25026000000.0,5311000000.0,1.89,730000000.0,-2894000000.0,0.445,113.68000030517578
DELL,FY2025Q1,2025,1,2024-04-30,N,actual,street,22244000000.0,4851000000.0,1.27,733500000.0,-2822000000.0,0.445,124.63999938964844
DELL,FY2024Q4,2024,4,2024-01-31,N,actual,street,88425000000.0,20869000000.0,2.2,736000000.0,-2227000000.0,0.37,82.87999725341797
DELL,FY2024Q3,2024,3,2023-10-31,N,actual,street,22251000000.0,5148000000.0,1.88,737250000.0,-2664000000.0,0.37,66.91000366210938
DELL,FY2024Q2,2024,2,2023-07-31,N,actual,street,22934000000.0,5387000000.0,1.74,738000000.0,-2772000000.0,0.37,52.91999816894531
DELL,FY2024Q1,2024,1,2023-04-30,N,actual,street,20922000000.0,5018000000.0,1.31,737000000.0,-3023000000.0,0.37,43.4900016784668
DELL,FY2023Q4,2023,4,2023-01-31,N,actual,street,25039000000.0,5756000000.0,1.8,,-3122000000.0,0.33,40.619998931884766
DELL,FY2023Q3,2023,3,2022-10-31,N,actual,street,24721000000.0,5707000000.0,2.3,743000000.0,-2772000000.0,0.33,38.400001525878906
DELL,FY2023Q2,2023,2,2022-07-31,N,actual,street,26425000000.0,5439000000.0,1.68,755000000.0,-2860000000.0,0.33,45.060001373291016
DELL,FY2023Q1,2023,1,2022-04-30,N,actual,street,26116000000.0,5784000000.0,1.84,780000000.0,-2462000000.0,0.33,47.0099983215332
DELL,FY2022Q4,2022,4,2022-01-31,N,actual,street,22194000000.0,-1811000000.0,1.72,,-1685000000.0,0.0,56.810001373291016
DELL,FY2022Q3,2022,3,2021-10-31,N,actual,street,26424000000.0,5534000000.0,2.37,788000000.0,8954000000.0,0.0,55.74759292602539
DELL,FY2022Q2,2022,2,2021-07-31,N,actual,street,24191000000.0,5475000000.0,2.24,786000000.0,4825000000.0,0.0,48.97111129760742
DELL,FY2022Q1,2022,1,2021-04-30,N,actual,street,22590000000.0,5264000000.0,2.13,782000000.0,4045000000.0,0.0,49.83781051635742
DELL,FY2021Q4,2021,4,2021-01-31,N,actual,street,26112000000.0,8147000000.0,2.7,,2951000000.0,0.0,36.94374084472656
DELL,FY2021Q3,2021,3,2020-10-31,N,actual,street,23482000000.0,7261000000.0,2.03,771000000.0,1410000000.0,0.0,30.542320251464844
DELL,FY2021Q2,2021,2,2020-07-31,N,actual,street,22733000000.0,7156000000.0,1.92,761000000.0,191000000.0,,30.32437896728516
DIOD,FY2026Q2,2026,2,2026-06-30,N,actual,street,445529000.0,147566000.0,0.7,46446000.0,1952301000.0,,109.44000244140624
DIOD,FY2026Q1,2026,1,2026-03-31,N,actual,street,405467000.0,128792000.0,0.43,46138000.0,1889406000.0,,68.26000213623047
DIOD,FY2025Q4,2025,4,2025-12-31,N,actual,street,391578000.0,121930000.0,0.34,46251000.0,1878124000.0,,49.34000015258789
DIOD,FY2025Q3,2025,3,2025-09-30,N,actual,street,392170000.0,120488000.0,0.37,46437000.0,1889154000.0,,53.209999084472656
DIOD,FY2025Q2,2025,2,2025-06-30,N,actual,street,366212000.0,115324000.0,0.32,46462000.0,1877103000.0,,52.88999938964844
DIOD,FY2025Q1,2025,1,2025-03-31,N,actual,street,332113000.0,104694000.0,0.19,46429250.0,1801218000.0,,43.16999816894531
DIOD,FY2024Q4,2024,4,2024-12-31,N,actual,street,339298000.0,110884000.0,0.27,46408000.0,1795301000.0,,61.66999816894531
DIOD,FY2024Q3,2024,3,2024-09-30,N,actual,street,350079000.0,118008000.0,0.43,46372500.0,1811584000.0,,64.08999633789062
DIOD,FY2024Q2,2024,2,2024-06-30,N,actual,street,319771000.0,107386000.0,0.33,46339500.0,1774355000.0,,71.93000030517578
DIOD,FY2024Q1,2024,1,2024-03-31,N,actual,street,301972000.0,99584000.0,0.28,46342000.0,1748590000.0,,70.5
DIOD,FY2023Q4,2023,4,2023-12-31,N,actual,street,322699000.0,112476000.0,0.51,46311000.0,1740741000.0,,80.5199966430664
DIOD,FY2023Q3,2023,3,2023-09-30,N,actual,street,404647000.0,155876000.0,1.13,46304500.0,1689662000.0,,78.83999633789062
DIOD,FY2023Q2,2023,2,2023-06-30,N,actual,street,467152000.0,195376000.0,1.59,46243000.0,1662480000.0,,92.48999786376952
DIOD,FY2023Q1,2023,1,2023-03-31,N,actual,street,467241000.0,194454000.0,1.59,46161000.0,1595465000.0,,92.76000213623048
DIOD,FY2022Q4,2022,4,2022-12-31,N,actual,street,496212000.0,206196000.0,1.73,,1513645000.0,,76.13999938964844
DIOD,FY2022Q3,2022,3,2022-09-30,N,actual,street,521273000.0,217818000.0,2.0,46014000.0,1395922000.0,,64.91000366210938
DIOD,FY2022Q2,2022,2,2022-06-30,N,actual,street,500972000.0,206526000.0,1.9,45841000.0,1353319000.0,,64.56999969482422
DIOD,FY2022Q1,2022,1,2022-03-31,N,actual,street,482123000.0,196697000.0,1.75,45844000.0,1297503000.0,,86.98999786376953
DIOD,FY2021Q4,2021,4,2021-12-31,N,actual,street,480171000.0,190691000.0,1.6,,1237242000.0,,109.80999755859376
DIOD,FY2021Q3,2021,3,2021-09-30,N,actual,street,471422000.0,181231000.0,1.47,45642000.0,1156063000.0,,90.58999633789062
DIOD,FY2021Q2,2021,2,2021-06-30,N,actual,street,440448000.0,159802000.0,1.2,45380000.0,1082584000.0,,79.7699966430664
DIOD,FY2021Q1,2021,1,2021-03-31,N,actual,street,413121000.0,138636000.0,0.93,45243000.0,1002569000.0,,79.83999633789062
DIOD,FY2020Q4,2020,4,2020-12-31,N,actual,street,350370000.0,122697000.0,0.74,,963820000.0,,70.5
DIOD,FY2020Q3,2020,3,2020-09-30,N,actual,street,309459000.0,111090000.0,0.62,52729000.0,1198573000.0,,56.45000076293945
GOOG,FY2026Q2,2026,2,2026-06-30,N,actual,street,119796000000.0,73853000000.0,9.11,12309000000.0,640480000000.0,0.22,353.3299865722656
GOOG,FY2026Q1,2026,1,2026-03-31,N,actual,street,109896000000.0,68625000000.0,5.11,12238000000.0,478746000000.0,0.21,286.8599853515625
GOOG,FY2025Q4,2025,4,2025-12-31,N,actual,street,113829000000.0,68062000000.0,2.82,12228000000.0,415265000000.0,0.21,313.79998779296875
GOOG,FY2025Q3,2025,3,2025-09-30,N,actual,street,102346000000.0,60977000000.0,2.87,12203000000.0,386867000000.0,0.21,243.5500030517578
GOOG,FY2025Q2,2025,2,2025-06-30,N,actual,street,96428000000.0,57389000000.0,2.31,12198000000.0,362916000000.0,0.21,177.38999938964844
GOOG,FY2025Q1,2025,1,2025-03-31,N,actual,street,90234000000.0,53873000000.0,2.81,12291000000.0,345267000000.0,0.2,156.22999572753906
GOOG,FY2024Q4,2024,4,2024-12-31,N,actual,street,96469000000.0,55856000000.0,2.15,,325084000000.0,0.2,190.44000244140625
GOOG,FY2024Q3,2024,3,2024-09-30,N,actual,street,88268000000.0,51794000000.0,2.12,12419000000.0,314119000000.0,0.2,167.19000244140625
GOOG,FY2024Q2,2024,2,2024-06-30,N,actual,street,84742000000.0,,,12495000000.0,300753000000.0,0.2,183.4199981689453
GOOG,FY2024Q1,2024,1,2024-03-31,N,actual,street,80539000000.0,,,12527000000.0,292844000000.0,,152.25999450683594
GOOG,FY2023Q4,2023,4,2023-12-31,N,actual,street,86310000000.0,48735000000.0,1.64,12722000000.0,283379000000.0,0.0,140.92999267578125
GOOG,FY2023Q3,2023,3,2023-09-30,N,actual,street,76693000000.0,43464000000.0,1.55,12802045330.0,273202000000.0,0.0,131.85000610351562
GOOG,FY2023Q2,2023,2,2023-06-30,N,actual,street,74604000000.0,42688000000.0,1.44,12764000000.0,267141000000.0,0.0,120.97000122070312
GOOG,FY2023Q1,2023,1,2023-03-31,N,actual,street,69787000000.0,39175000000.0,1.17,,260894000000.0,0.0,104.0
GOOG,FY2022Q4,2022,4,2022-12-31,N,actual,street,76048000000.0,40706000000.0,1.05,,256144000000.0,0.0,88.7300033569336
GOOG,FY2022Q3,2022,3,2022-09-30,N,actual,street,69092000000.0,37934000000.0,1.06,,253626000000.0,0.0,96.1500015258789
GOOG,FY2022Q2,2022,2,2022-06-30,N,actual,street,69685000000.0,39581000000.0,1.21,,255419000000.0,0.0,109.37249755859376
GOOG,FY2022Q1,2022,1,2022-03-31,N,actual,street,68011000000.0,38412000000.0,1.23,,254004000000.0,0.0,139.64950561523438
GOOG,FY2021Q4,2021,4,2021-12-31,N,actual,street,75325000000.0,42337000000.0,1.53,,251635000000.0,0.0,144.67950439453125
GOOG,FY2021Q3,2021,3,2021-09-30,N,actual,street,65118000000.0,37497000000.0,1.4,,244567000000.0,0.0,133.2655029296875
GOOG,FY2021Q2,2021,2,2021-06-30,N,actual,street,61880000000.0,35653000000.0,1.36,,237565000000.0,0.0,125.31600189208984
GOOG,FY2021Q1,2021,1,2021-03-31,N,actual,street,55314000000.0,31211000000.0,1.31,,230013000000.0,0.0,103.43150329589844
GOOG,FY2020Q4,2020,4,2020-12-31,N,actual,street,56898000000.0,30818000000.0,1.12,,222544000000.0,0.0,87.59400177001953
GOOG,FY2020Q3,2020,3,2020-09-30,N,actual,street,46173000000.0,25056000000.0,0.82,,212920000000.0,,73.4800033569336
MRVL,FY2027Q2,2027,2,2026-07-31,N,actual,street,2739300000.0,1455600000.0,0.94,921200000.0,18531600000.0,0.06,187.5599975585937
MRVL,FY2027Q1,2027,1,2026-04-30,N,actual,street,2417800000.0,1260800000.0,0.8,893300000.0,18215800000.0,0.06,165.14999389648438
MRVL,FY2026Q4,2026,4,2026-01-31,N,actual,street,2218700000.0,1147900000.0,0.8,856200000.0,14308400000.0,0.06,78.91999816894531
MRVL,FY2026Q3,2026,3,2025-10-31,N,actual,street,2074500000.0,1069800000.0,0.76,863700000.0,14056600000.0,0.06,93.73999786376952
MRVL,FY2026Q2,2026,2,2025-07-31,N,actual,street,2006100000.0,1010600000.0,0.67,870400000.0,13421700000.0,0.06,80.37000274658203
MRVL,FY2026Q1,2026,1,2025-04-30,N,actual,street,1895300000.0,952400000.0,0.62,875600000.0,13312700000.0,0.06,58.369998931884766
MRVL,FY2025Q4,2025,4,2025-01-31,N,actual,street,1817400000.0,917400000.0,0.6,,13427000000.0,0.06,112.86000061035156
MRVL,FY2025Q3,2025,3,2024-10-31,N,actual,street,1516100000.0,349400000.0,0.43,865700000.0,13372900000.0,0.06,80.11000061035156
MRVL,FY2025Q2,2025,2,2024-08-03,N,actual,street,1272900000.0,587600000.0,,865700000.0,14204900000.0,0.06,59.25
MRVL,FY2025Q1,2025,1,2024-05-04,N,actual,street,1160900000.0,527800000.0,,865000000.0,14478700000.0,,68.51000213623047
MRVL,FY2024Q4,2024,4,2024-01-31,N,actual,street,1426500000.0,664100000.0,0.46,861300000.0,14831400000.0,0.06,67.69999694824219
MRVL,FY2024Q3,2024,3,2023-10-31,N,actual,street,1418600000.0,551200000.0,0.41,858600000.0,15233400000.0,0.06,47.220001220703125
MRVL,FY2024Q2,2024,2,2023-07-31,N,actual,street,1340900000.0,521100000.0,0.33,860900000.0,15389500000.0,0.06,65.12999725341797
MRVL,FY2024Q1,2024,1,2023-04-30,N,actual,street,1321700000.0,557200000.0,0.31,856700000.0,15493900000.0,0.06,39.47999954223633
MRVL,FY2023Q4,2023,4,2023-01-31,N,actual,street,1418500000.0,673300000.0,0.46,,15637200000.0,0.06,43.150001525878906
MRVL,FY2023Q3,2023,3,2022-10-31,N,actual,street,1537300000.0,777300000.0,0.57,858400000.0,15559000000.0,0.06,39.68000030517578
MRVL,FY2023Q2,2023,2,2022-07-31,N,actual,street,1516900000.0,786000000.0,0.57,857900000.0,15530200000.0,0.06,55.68000030517578
MRVL,FY2023Q1,2023,1,2022-04-30,N,actual,street,1446900000.0,750900000.0,0.52,848000000.0,15465000000.0,0.06,58.08000183105469
MRVL,FY2022Q4,2022,4,2022-01-31,N,actual,street,1342978000.0,686434000.0,0.5,,15702100000.0,0.06,71.4000015258789
MRVL,FY2022Q3,2022,3,2021-10-31,N,actual,street,1211200000.0,587800000.0,0.43,828600000.0,15686344000.0,0.06,68.5
MRVL,FY2022Q2,2022,2,2021-07-31,N,actual,street,1075900000.0,371800000.0,0.34,821100000.0,14741197000.0,0.06,60.5099983215332
MRVL,FY2022Q1,2022,1,2021-04-30,N,actual,street,832300000.0,418200000.0,0.29,693400000.0,14855370000.0,0.06,45.209999084472656
MRVL,FY2021Q4,2021,4,2021-01-31,N,actual,street,797819000.0,421132000.0,0.29,,8435804000.0,0.06,51.459999084472656
MRVL,FY2021Q3,2021,3,2020-10-31,N,actual,street,750143000.0,381060000.0,0.25,670487000.0,8389617000.0,,37.5099983215332
MSFT,FY2026Q4,2026,4,2026-06-30,N,actual,street,90007000000.0,60482000000.0,4.74,7443000000.0,442387000000.0,0.91,373.0199890136719
MSFT,FY2026Q3,2026,3,2026-03-31,N,actual,street,82886000000.0,56058000000.0,4.27,7445000000.0,414367000000.0,0.91,370.1700134277344
MSFT,FY2026Q2,2026,2,2025-12-31,N,actual,street,81273000000.0,55295000000.0,4.14,7460000000.0,390875000000.0,0.91,483.6199951171875
MSFT,FY2026Q1,2026,1,2025-09-30,N,actual,street,77673000000.0,53630000000.0,4.13,7466000000.0,363076000000.0,0.83,517.9500122070312
MSFT,FY2025Q4,2025,4,2025-06-30,N,actual,street,76441000000.0,52427000000.0,3.65,7461000000.0,343479000000.0,0.83,497.4100036621094
MSFT,FY2025Q3,2025,3,2025-03-31,N,actual,street,70066000000.0,48147000000.0,3.46,7468250000.0,321891000000.0,0.83,375.3900146484375
MSFT,FY2025Q2,2025,2,2024-12-31,N,actual,street,69632000000.0,47833000000.0,3.23,7471000000.0,302695000000.0,0.83,421.5
MSFT,FY2025Q1,2025,1,2024-09-30,N,actual,street,65585000000.0,45486000000.0,3.3,7471000000.0,287723000000.0,0.75,430.2999877929688
MSFT,FY2024Q4,2024,4,2024-06-30,N,actual,street,64727000000.0,45043000000.0,2.95,,268477000000.0,0.75,446.9500122070313
MSFT,FY2024Q3,2024,3,2024-03-31,N,actual,street,61858000000.0,43353000000.0,2.94,7466750000.0,253152000000.0,0.75,420.7200012207031
MSFT,FY2024Q2,2024,2,2023-12-31,N,actual,street,62020000000.0,42397000000.0,2.93,7465000000.0,238268000000.0,0.75,376.0400085449219
MSFT,FY2024Q1,2024,1,2023-09-30,N,actual,street,56517000000.0,40215000000.0,2.99,7466250000.0,220714000000.0,0.68,315.75
MSFT,FY2023Q4,2023,4,2023-06-30,N,actual,street,56189000000.0,39394000000.0,2.69,,206223000000.0,0.68,340.5400085449219
MSFT,FY2023Q3,2023,3,2023-03-31,N,actual,street,52857000000.0,36729000000.0,2.45,7464000000.0,194683000000.0,0.68,288.29998779296875
MSFT,FY2023Q2,2023,2,2022-12-31,N,actual,street,52747000000.0,35259000000.0,2.32,7473000000.0,183136000000.0,0.68,239.82000732421875
MSFT,FY2023Q1,2023,1,2022-09-30,N,actual,street,50122000000.0,34670000000.0,2.35,7485000000.0,173566000000.0,0.62,232.8999938964844
MSFT,FY2022Q4,2022,4,2022-06-30,N,actual,street,51865000000.0,35436000000.0,2.23,,166542000000.0,0.62,256.8299865722656
MSFT,FY2022Q3,2022,3,2022-03-31,N,actual,street,49360000000.0,33745000000.0,2.22,7534000000.0,162924000000.0,0.62,308.3099975585937
MSFT,FY2022Q2,2022,2,2021-12-31,N,actual,street,51728000000.0,34768000000.0,2.48,7555000000.0,160010000000.0,0.62,336.32000732421875
MSFT,FY2022Q1,2022,1,2021-09-30,N,actual,street,45317000000.0,31671000000.0,2.27,7567000000.0,151978000000.0,0.56,281.9200134277344
MSFT,FY2021Q4,2021,4,2021-06-30,N,actual,street,46152000000.0,32161000000.0,2.17,,141988000000.0,0.56,270.8999938964844
MSFT,FY2021Q3,2021,3,2021-03-31,N,actual,street,41706000000.0,28661000000.0,1.95,7597000000.0,134505000000.0,0.56,235.7700042724609
MSFT,FY2021Q2,2021,2,2020-12-31,N,actual,street,43076000000.0,28882000000.0,2.03,7616000000.0,130236000000.0,0.56,222.4199981689453
MSFT,FY2021Q1,2021,1,2020-09-30,N,actual,street,37154000000.0,26152000000.0,1.82,7637000000.0,123392000000.0,,210.3300018310547
MU,FY2026Q3,2026,3,2026-05-31,N,actual,street,41456000000.0,35056000000.0,25.11,1145000000.0,100724000000.0,0.15,971.0
MU,FY2026Q2,2026,2,2026-02-28,N,actual,street,23860000000.0,17755000000.0,12.2,1142000000.0,72459000000.0,0.115,412.3699951171875
MU,FY2026Q1,2026,1,2025-11-30,N,actual,street,13643000000.0,7646000000.0,4.78,1138000000.0,58806000000.0,0.115,236.47999572753903
MU,FY2025Q4,2025,4,2025-08-31,N,actual,street,11315000000.0,5054000000.0,3.03,1131000000.0,54165000000.0,0.115,119.01000213623048
MU,FY2025Q3,2025,3,2025-05-31,N,actual,street,9301000000.0,3508000000.0,1.91,1125000000.0,50748000000.0,0.115,94.45999908447266
MU,FY2025Q2,2025,2,2025-02-28,N,actual,street,8053000000.0,2963000000.0,1.56,1128500000.0,48633000000.0,0.115,93.62999725341795
MU,FY2025Q1,2025,1,2024-11-30,N,actual,street,8709000000.0,3348000000.0,1.79,1123500000.0,46797000000.0,0.115,97.9499969482422
MU,FY2024Q4,2024,4,2024-08-31,N,actual,street,7750000000.0,2737000000.0,1.18,,45131000000.0,0.115,96.23999786376952
MU,FY2024Q3,2024,3,2024-05-31,N,actual,street,6811000000.0,1832000000.0,0.62,1102000000.0,44225000000.0,0.115,125.0
MU,FY2024Q2,2024,2,2024-02-29,N,actual,street,5824000000.0,1079000000.0,0.42,1098500000.0,43870000000.0,0.115,90.61000061035156
MU,FY2024Q1,2024,1,2023-11-30,N,actual,street,4726000000.0,-35000000.0,-0.95,1095500000.0,42885000000.0,0.115,76.12000274658203
MU,FY2023Q4,2023,4,2023-08-31,N,actual,street,4010000000.0,-435000000.0,-1.07,,44120000000.0,0.115,69.94000244140625
MU,FY2023Q3,2023,3,2023-05-31,N,actual,street,3752000000.0,-668000000.0,-1.43,1094000000.0,45405000000.0,0.115,68.19999694824219
MU,FY2023Q2,2023,2,2023-02-28,N,actual,street,3693000000.0,-1206000000.0,-1.91,1091000000.0,47257000000.0,0.115,57.81999969482422
MU,FY2023Q1,2023,1,2022-11-30,N,actual,street,4085000000.0,893000000.0,-0.04,1090000000.0,49306000000.0,0.115,57.650001525878906
MU,FY2022Q4,2022,4,2022-08-31,N,actual,street,6643000000.0,2622000000.0,1.45,,49907000000.0,0.115,56.52999877929688
MU,FY2022Q3,2022,3,2022-05-31,N,actual,street,8642000000.0,4035000000.0,2.59,1121000000.0,49281000000.0,0.1,73.83999633789062
MU,FY2022Q2,2022,2,2022-02-28,N,actual,street,7786000000.0,3676000000.0,2.14,1130000000.0,47845000000.0,0.1,88.86000061035156
MU,FY2022Q1,2022,1,2021-11-30,N,actual,street,7687000000.0,3565000000.0,2.16,1130000000.0,45908000000.0,0.1,84.0
MU,FY2021Q4,2021,4,2021-08-31,N,actual,street,8274000000.0,3912000000.0,2.42,,43933000000.0,0.0,73.69999694824219
MU,FY2021Q3,2021,3,2021-05-31,N,actual,street,7422000000.0,3126000000.0,1.88,1145000000.0,42259000000.0,0.0,84.13999938964844
MU,FY2021Q2,2021,2,2021-02-28,N,actual,street,6236000000.0,1649000000.0,0.98,1144000000.0,40663000000.0,0.0,91.52999877929688
MU,FY2021Q1,2021,1,2020-11-30,N,actual,street,5773000000.0,1736000000.0,0.78,1135000000.0,39907000000.0,0.0,64.08999633789062
MU,FY2020Q4,2020,4,2020-08-31,N,actual,street,6056000000.0,2068000000.0,1.08,,38996000000.0,,45.5099983215332
NET,FY2026Q2,2026,2,2026-06-30,N,actual,street,696061000.0,499517000.0,0.29,354334000.0,1620020000.0,,245.27999877929688
NET,FY2026Q1,2026,1,2026-03-31,N,actual,street,639755000.0,455597000.0,0.25,352625000.0,1526708000.0,,206.33999633789065
NET,FY2025Q4,2025,4,2025-12-31,N,actual,street,614507000.0,452551000.0,0.28,351087000.0,1459123000.0,,197.1499938964844
NET,FY2025Q3,2025,3,2025-09-30,N,actual,street,562027000.0,415711000.0,0.27,349312000.0,1347016000.0,,214.58999633789065
NET,FY2025Q2,2025,2,2025-06-30,N,actual,street,512316000.0,383639000.0,0.21,347489000.0,1239727000.0,,195.8300018310547
NET,FY2025Q1,2025,1,2025-03-31,N,actual,street,479087000.0,363511000.0,0.16,343196000.0,1425878000.0,,112.69000244140624
NET,FY2024Q4,2024,4,2024-12-31,N,actual,street,459946000.0,351260000.0,0.19,341411000.0,1046201000.0,,107.68000030517578
NET,FY2024Q3,2024,3,2024-09-30,N,actual,street,430082000.0,334115000.0,0.2,339610250.0,973090000.0,,80.88999938964844
NET,FY2024Q2,2024,2,2024-06-30,N,actual,street,400996000.0,311985000.0,0.2,337740500.0,881545000.0,,82.83000183105469
NET,FY2024Q1,2024,1,2024-03-31,N,actual,street,378602000.0,293564000.0,0.16,335704500.0,797224000.0,,96.83000183105467
NET,FY2023Q4,2023,4,2023-12-31,N,actual,street,362473000.0,279190000.0,0.15,333656000.0,763047000.0,,83.26000213623047
NET,FY2023Q3,2023,3,2023-09-30,N,actual,street,335603000.0,257534000.0,0.16,331689250.0,699257000.0,,63.040000915527344
NET,FY2023Q2,2023,2,2023-06-30,N,actual,street,308494000.0,233273000.0,0.1,332297000.0,641834000.0,,65.37000274658203
NET,FY2023Q1,2023,1,2023-03-31,N,actual,street,290175000.0,219743000.0,0.08,330389000.0,652586000.0,,61.65999984741211
NET,FY2022Q4,2022,4,2022-12-31,N,actual,street,274700000.0,206912000.0,0.06,,623964000.0,,45.209999084472656
NET,FY2022Q3,2022,3,2022-09-30,N,actual,street,253857000.0,191890000.0,0.06,326590000.0,593989000.0,,55.310001373291016
NET,FY2022Q2,2022,2,2022-06-30,N,actual,street,234517000.0,178713000.0,,325197000.0,580490000.0,,43.75
NET,FY2022Q1,2022,1,2022-03-31,N,actual,street,212167000.0,165116000.0,0.01,323334000.0,515477000.0,,119.6999969482422
NET,FY2021Q4,2021,4,2021-12-31,N,actual,street,193596000.0,151100000.0,,,815798000.0,,131.5
NET,FY2021Q3,2021,3,2021-09-30,N,actual,street,172347000.0,134822000.0,,314543000.0,853150000.0,,112.6500015258789
NET,FY2021Q2,2021,2,2021-06-30,N,actual,street,152428000.0,117399000.0,-0.02,308263000.0,801096000.0,,105.83999633789062
NET,FY2021Q1,2021,1,2021-03-31,N,actual,street,138055000.0,105971000.0,-0.03,305947000.0,804040000.0,,70.26000213623047
NET,FY2020Q4,2020,4,2020-12-31,N,actual,street,125926000.0,96861000.0,-0.02,,816940000.0,,75.98999786376953
NET,FY2020Q3,2020,3,2020-09-30,N,actual,street,114162000.0,87157000.0,-0.02,301689000.0,826447000.0,,41.060001373291016
NVDA,FY2027Q2,2027,2,2026-07-31,N,actual,street,302970000000.0,226241000000.0,2.22,24397500000.0,228984000000.0,0.25,200.75
NVDA,FY2027Q1,2027,1,2026-04-30,N,actual,street,81615000000.0,61157000000.0,1.87,24391000000.0,195474000000.0,0.01,199.57000732421875
NVDA,FY2026Q4,2026,4,2026-01-31,N,actual,street,68127000000.0,51093000000.0,1.62,24432000000.0,157293000000.0,0.01,191.1300048828125
NVDA,FY2026Q3,2026,3,2025-10-31,N,actual,street,57006000000.0,41849000000.0,1.3,24483000000.0,118897000000.0,0.01,202.4900054931641
NVDA,FY2026Q2,2026,2,2025-07-31,N,actual,street,46743000000.0,33853000000.0,1.05,24532000000.0,100131000000.0,0.01,177.8699951171875
NVDA,FY2026Q1,2026,1,2025-04-30,N,actual,street,44062000000.0,26668000000.0,0.81,24611000000.0,83843000000.0,0.01,108.91999816894533
NVDA,FY2025Q4,2025,4,2025-01-31,N,actual,street,39331000000.0,28723000000.0,0.89,,79327000000.0,0.01,120.06999969482422
NVDA,FY2025Q3,2025,3,2024-10-31,N,actual,street,35082000000.0,26156000000.0,0.81,24774000000.0,65899000000.0,0.01,132.75999450683594
NVDA,FY2025Q2,2025,2,2024-07-28,N,actual,street,30040000000.0,22574000000.0,,24848000000.0,58157000000.0,0.01,113.05999755859376
NVDA,FY2025Q1,2025,1,2024-04-28,N,actual,street,26044000000.0,20406000000.0,,24890000000.0,49142000000.0,,87.73500061035156
NVDA,FY2024Q4,2024,4,2024-01-31,N,actual,street,22103000000.0,16791000000.0,0.52,24940000000.0,42978000000.0,0.004,61.527000427246094
NVDA,FY2024Q3,2024,3,2023-10-31,N,actual,street,18120000000.0,13400000000.0,0.4,24897500000.0,33265000000.0,0.004,40.77999877929688
NVDA,FY2024Q2,2024,2,2023-07-31,N,actual,street,13507000000.0,9462000000.0,0.27,24994000000.0,27501000000.0,0.004,46.729000091552734
NVDA,FY2024Q1,2024,1,2023-04-30,N,actual,street,7192000000.0,4648000000.0,0.11,24900000000.0,24520000000.0,0.004,27.749000549316406
NVDA,FY2023Q4,2023,4,2023-01-31,N,actual,street,6051000000.0,3833000000.0,0.09,,22101000000.0,0.004,19.53700065612793
NVDA,FY2023Q3,2023,3,2022-10-31,N,actual,street,5931000000.0,3177000000.0,0.06,24990000000.0,21349000000.0,0.004,13.496999740600586
NVDA,FY2023Q2,2023,2,2022-07-31,N,actual,street,6704000000.0,2915000000.0,0.05,25160000000.0,23851000000.0,0.004,18.163000106811523
NVDA,FY2023Q1,2023,1,2022-04-30,N,actual,street,8288000000.0,5431000000.0,0.14,25370000000.0,26320000000.0,0.004,18.54700088500977
NVDA,FY2022Q4,2022,4,2022-01-31,N,actual,street,7643000000.0,4999000000.0,0.13,,26612000000.0,0.004,24.48600006103516
NVDA,FY2022Q3,2022,3,2021-10-31,N,actual,street,7103000000.0,4631000000.0,0.12,25380000000.0,23798000000.0,0.004,25.566999435424805
NVDA,FY2022Q2,2022,2,2021-07-31,N,actual,street,6507000000.0,4215000000.0,0.1,25320000000.0,21147000000.0,0.004,19.499000549316406
NVDA,FY2022Q1,2022,1,2021-04-30,N,actual,street,5661000000.0,3629000000.0,0.09,25280000000.0,18774000000.0,0.004,15.009499549865724
NVDA,FY2021Q4,2021,4,2021-01-31,N,actual,street,5003000000.0,3156000000.0,0.08,,16893000000.0,0.004,12.989749908447266
NVDA,FY2021Q3,2021,3,2020-10-31,N,actual,street,4726000000.0,2960000000.0,0.07,25200000000.0,15334000000.0,0.004,12.534000396728516
NVDA,FY2021Q2,2021,2,2020-07-31,N,actual,street,3866000000.0,2275000000.0,0.05,25040000000.0,13914000000.0,,10.614749908447266
OKTA,FY2027Q2,2027,2,2026-07-31,N,actual,street,805000000.0,641000000.0,1.05,178808000.0,6973000000.0,,141.92999267578125
OKTA,FY2027Q1,2027,1,2026-04-30,N,actual,street,765000000.0,595000000.0,0.91,177699000.0,6899000000.0,,73.6500015258789
OKTA,FY2026Q4,2026,4,2026-01-31,N,actual,street,761000000.0,593000000.0,0.9,180450000.0,6999000000.0,,84.4800033569336
OKTA,FY2026Q3,2026,3,2025-10-31,N,actual,street,742000000.0,572000000.0,0.82,178402000.0,6893000000.0,,91.52999877929688
OKTA,FY2026Q2,2026,2,2025-07-31,N,actual,street,728000000.0,560000000.0,0.91,180966000.0,6754000000.0,,97.8000030517578
OKTA,FY2026Q1,2026,1,2025-04-30,N,actual,street,688000000.0,533000000.0,0.86,178658250.0,6567000000.0,,112.16000366210938
OKTA,FY2025Q4,2025,4,2025-01-31,N,actual,street,682000000.0,524000000.0,0.78,175086000.0,6405000000.0,,94.22000122070312
OKTA,FY2025Q3,2025,3,2024-10-31,N,actual,street,665000000.0,508000000.0,0.67,168833000.0,6265000000.0,,71.88999938964844
OKTA,FY2025Q2,2025,2,2024-07-31,N,actual,street,646000000.0,491000000.0,0.72,166631000.0,6133000000.0,,93.94000244140624
OKTA,FY2025Q1,2025,1,2024-04-30,N,actual,street,617000000.0,469000000.0,0.65,165169500.0,5953000000.0,,92.9800033569336
OKTA,FY2024Q4,2024,4,2024-01-31,N,actual,street,605000000.0,460000000.0,0.63,163634000.0,5888000000.0,,82.6500015258789
OKTA,FY2024Q3,2024,3,2023-10-31,N,actual,street,584000000.0,439000000.0,0.44,162142000.0,5730000000.0,,67.41000366210938
OKTA,FY2024Q2,2024,2,2023-07-31,N,actual,street,556000000.0,407000000.0,0.31,162755000.0,5640000000.0,,76.86000061035156
OKTA,FY2024Q1,2024,1,2023-04-30,N,actual,street,518000000.0,376000000.0,0.22,161323000.0,5534000000.0,,68.52999877929688
OKTA,FY2023Q4,2023,4,2023-01-31,N,actual,street,510000000.0,371000000.0,0.3,,5466000000.0,,73.61000061035156
OKTA,FY2023Q3,2023,3,2022-10-31,N,actual,street,481042000.0,343389000.0,,158708000.0,5407612000.0,,56.119998931884766
OKTA,FY2023Q2,2023,2,2022-07-31,N,actual,street,452000000.0,314000000.0,-0.1,157400000.0,5453016000.0,,98.4499969482422
OKTA,FY2023Q1,2023,1,2022-04-30,N,actual,street,415000000.0,284000000.0,-0.27,155875000.0,5472694000.0,,119.30999755859376
OKTA,FY2022Q4,2022,4,2022-01-31,N,actual,street,383015000.0,263513000.0,-0.18,,5922000000.0,,197.88999938964844
OKTA,FY2022Q3,2022,3,2021-10-31,N,actual,street,350680000.0,241006000.0,-0.07,153756000.0,5984555000.0,,247.17999267578125
OKTA,FY2022Q2,2022,2,2021-07-31,N,actual,street,315500000.0,214394000.0,-0.11,151357000.0,6042190000.0,,247.7899932861328
OKTA,FY2022Q1,2022,1,2021-04-30,N,actual,street,251006000.0,184883000.0,-0.1,131777000.0,682778000.0,,269.70001220703125
OKTA,FY2021Q4,2021,4,2021-01-31,N,actual,street,234740000.0,173600000.0,0.06,,694043000.0,,259.010009765625
OKTA,FY2021Q3,2021,3,2020-10-31,N,actual,street,217379000.0,160471000.0,0.04,128813000.0,680648000.0,,209.8300018310547
PLTR,FY2026Q2,2026,2,2026-06-30,N,actual,street,1935464000.0,1638594000.0,0.41,2568694000.0,9774194000.0,,116.66999816894533
PLTR,FY2026Q1,2026,1,2026-03-31,N,actual,street,1632583000.0,1416785000.0,0.33,2570924000.0,8449663000.0,,146.27999877929688
PLTR,FY2025Q4,2025,4,2025-12-31,N,actual,street,1406802000.0,1190836000.0,0.25,2573497000.0,7387268000.0,,177.75
PLTR,FY2025Q3,2025,3,2025-09-30,N,actual,street,1181092000.0,973785000.0,0.21,2567309786.0,6590457000.0,,182.4199981689453
PLTR,FY2025Q2,2025,2,2025-06-30,N,actual,street,1003697000.0,810763000.0,0.16,2559176657.0,5928901000.0,,136.32000732421875
PLTR,FY2025Q1,2025,1,2025-03-31,N,actual,street,883855000.0,710885000.0,0.13,2488995750.0,5424155000.0,,84.4000015258789
PLTR,FY2024Q4,2024,4,2024-12-31,N,actual,street,827519000.0,652986000.0,0.14,2450818000.0,5003275000.0,,75.62999725341797
PLTR,FY2024Q3,2024,3,2024-09-30,N,actual,street,725516000.0,578877000.0,0.1,2405564750.0,4498143000.0,,37.20000076293945
PLTR,FY2024Q2,2024,2,2024-06-30,N,actual,street,678134000.0,549572000.0,0.09,2375525500.0,4050524000.0,,25.32999992370605
PLTR,FY2024Q1,2024,1,2024-03-31,N,actual,street,634338000.0,518082000.0,0.08,2343594000.0,3775227000.0,,23.01000022888184
PLTR,FY2023Q4,2023,4,2023-12-31,N,actual,street,608350000.0,499711000.0,0.08,2297927000.0,3475561000.0,,17.170000076293945
PLTR,FY2023Q3,2023,3,2023-09-30,N,actual,street,558159000.0,450237000.0,0.07,2233608750.0,3190015000.0,,16.0
PLTR,FY2023Q2,2023,2,2023-06-30,N,actual,street,533317000.0,426418000.0,0.05,2278155000.0,2955474000.0,,15.329999923706056
PLTR,FY2023Q1,2023,1,2023-03-31,N,actual,street,525186000.0,417541000.0,0.05,2217439000.0,2723733000.0,,8.449999809265137
PLTR,FY2022Q4,2022,4,2022-12-31,N,actual,street,508624000.0,404313000.0,0.04,,2565326000.0,,6.420000076293945
PLTR,FY2022Q3,2022,3,2022-09-30,N,actual,street,477880000.0,370269000.0,0.01,2073265000.0,2386615000.0,,8.130000114440918
PLTR,FY2022Q2,2022,2,2022-06-30,N,actual,street,473010000.0,370786000.0,-0.01,2054799000.0,2348824000.0,,9.06999969482422
PLTR,FY2022Q1,2022,1,2022-03-31,N,actual,street,446357000.0,351954000.0,0.02,2036307000.0,2364746000.0,,13.729999542236328
PLTR,FY2021Q4,2021,4,2021-12-31,N,actual,street,432867000.0,345304000.0,0.02,,2291030000.0,,18.209999084472656
PLTR,FY2021Q3,2021,3,2021-09-30,N,actual,street,392146000.0,305342000.0,0.04,1964395000.0,2248056000.0,,24.040000915527344
PLTR,FY2021Q2,2021,2,2021-06-30,N,actual,street,375642000.0,284716000.0,0.04,1894606000.0,2068963000.0,,26.36000061035156
PLTR,FY2021Q1,2021,1,2021-03-31,N,actual,street,341234000.0,267123000.0,0.04,1821158000.0,1805943000.0,,23.290000915527344
PLTR,FY2020Q4,2020,4,2020-12-31,N,actual,street,322091000.0,251588000.0,0.06,,1522550000.0,,23.549999237060547
PLTR,FY2020Q3,2020,3,2020-09-30,N,actual,street,289366000.0,140026000.0,0.06,905462000.0,1251753000.0,,9.5
QCOM,FY2026Q3,2026,3,2026-06-30,N,actual,street,9947000000.0,5277000000.0,2.21,1069000000.0,27658000000.0,0.92,184.7899932861328
QCOM,FY2026Q2,2026,2,2026-03-31,N,actual,street,10599000000.0,5699000000.0,2.65,1072000000.0,27278000000.0,0.89,128.77999877929688
QCOM,FY2026Q1,2026,1,2025-12-31,N,actual,street,12252000000.0,6684000000.0,3.5,1079000000.0,23073000000.0,0.89,171.0500030517578
QCOM,FY2025Q4,2025,4,2025-09-30,N,actual,street,11271000000.0,6237000000.0,3.0,1078000000.0,21206000000.0,0.89,166.36000061035156
QCOM,FY2025Q3,2025,3,2025-06-30,N,actual,street,10365000000.0,5759000000.0,2.77,1099000000.0,27209000000.0,0.89,159.25999450683594
QCOM,FY2025Q2,2025,2,2025-03-31,N,actual,street,10979000000.0,6042000000.0,2.85,1115000000.0,27728000000.0,0.85,153.61000061035156
QCOM,FY2025Q1,2025,1,2024-12-31,N,actual,street,11669000000.0,6508000000.0,3.41,1122000000.0,26880000000.0,0.85,153.6199951171875
QCOM,FY2024Q4,2024,4,2024-09-30,N,actual,street,10244000000.0,5777000000.0,2.69,,26274000000.0,0.85,170.0500030517578
QCOM,FY2024Q3,2024,3,2024-06-23,N,actual,street,9393000000.0,,,1134000000.0,24670000000.0,0.85,212.52999877929688
QCOM,FY2024Q2,2024,2,2024-03-24,N,actual,street,9389000000.0,,,1130000000.0,24469000000.0,,170.10000610351562
QCOM,FY2024Q1,2024,1,2023-12-31,N,actual,street,9935000000.0,5623000000.0,2.75,1125000000.0,23058000000.0,0.8,144.6300048828125
QCOM,FY2023Q4,2023,4,2023-09-30,N,actual,street,8631000000.0,4751000000.0,2.02,1126000000.0,21581000000.0,0.8,111.05999755859376
QCOM,FY2023Q3,2023,3,2023-06-30,N,actual,street,8451000000.0,4659000000.0,1.87,1124000000.0,20670000000.0,0.8,119.04000091552734
QCOM,FY2023Q2,2023,2,2023-03-31,N,actual,street,9275000000.0,5122000000.0,2.15,1123000000.0,19698000000.0,0.75,127.58000183105467
QCOM,FY2023Q1,2023,1,2022-12-31,N,actual,street,9463000000.0,5419000000.0,2.37,1131000000.0,18810000000.0,0.75,109.94000244140624
QCOM,FY2022Q4,2022,4,2022-09-30,N,actual,street,11395000000.0,6527000000.0,3.13,,18013000000.0,0.75,112.9800033569336
QCOM,FY2022Q3,2022,3,2022-06-30,N,actual,street,10936000000.0,6120000000.0,2.96,1134000000.0,16048000000.0,0.75,127.73999786376952
QCOM,FY2022Q2,2022,2,2022-03-31,N,actual,street,11164000000.0,6516000000.0,3.21,1140000000.0,13328000000.0,0.68,152.82000732421875
QCOM,FY2022Q1,2022,1,2021-12-31,N,actual,street,10705000000.0,6402000000.0,3.23,1142000000.0,11333000000.0,0.68,182.8699951171875
QCOM,FY2021Q4,2021,4,2021-09-30,N,actual,street,9336000000.0,5399000000.0,2.55,,9950000000.0,0.68,128.97999572753906
QCOM,FY2021Q3,2021,3,2021-06-30,N,actual,street,8060000000.0,4656000000.0,1.92,1145000000.0,8177000000.0,0.68,142.92999267578125
QCOM,FY2021Q2,2021,2,2021-03-31,N,actual,street,7935000000.0,4503000000.0,1.9,1151000000.0,7424000000.0,0.65,132.58999633789062
QCOM,FY2021Q1,2021,1,2020-12-31,N,actual,street,8235000000.0,4746000000.0,2.17,1156000000.0,7380000000.0,0.65,152.33999633789062
QCOM,FY2020Q4,2020,4,2020-09-30,N,actual,street,8346000000.0,5580000000.0,1.45,,6077000000.0,,117.68000030517578
SMTC,FY2027Q2,2027,2,2026-07-31,N,actual,street,341871000.0,183764000.0,0.71,100800000.0,748872000.0,,117.81999969482422
SMTC,FY2027Q1,2027,1,2026-04-30,N,actual,street,291018000.0,151464000.0,0.51,98000000.0,573322000.0,,105.0500030517578
SMTC,FY2026Q4,2026,4,2026-01-31,N,actual,street,274355000.0,138272000.0,0.44,92600000.0,549718000.0,,79.75
SMTC,FY2026Q3,2026,3,2025-10-31,N,actual,street,266971000.0,138478000.0,0.48,87700000.0,565656000.0,,67.86000061035156
SMTC,FY2026Q2,2026,2,2025-07-31,N,actual,street,257589000.0,134105000.0,0.41,86700000.0,552892000.0,,51.09999847412109
SMTC,FY2026Q1,2026,1,2025-04-30,N,actual,street,251060000.0,131142000.0,0.38,89579000.0,568815000.0,,31.25
SMTC,FY2025Q4,2025,4,2025-01-31,N,actual,street,251000000.0,130400000.0,0.4,,542426000.0,,66.95999908447266
SMTC,FY2025Q3,2025,3,2024-10-31,N,actual,street,236825000.0,120820000.0,0.26,75319000.0,-139684000.0,,44.18999862670898
SMTC,FY2025Q2,2025,2,2024-07-28,N,actual,street,215355000.0,105464000.0,,65281000.0,-141437000.0,,30.989999771118164
SMTC,FY2025Q1,2025,1,2024-04-28,N,actual,street,206105000.0,99592000.0,,64509000.0,-313098000.0,,35.77000045776367
SMTC,FY2024Q4,2024,4,2024-01-31,N,actual,street,192948000.0,91095000.0,-0.06,64127000.0,-307434000.0,,19.84000015258789
SMTC,FY2024Q3,2024,3,2023-10-29,N,actual,street,200899000.0,92966000.0,,64216000.0,334439000.0,,14.5
SMTC,FY2024Q2,2024,2,2023-07-31,N,actual,street,238372000.0,96219000.0,0.11,64005000.0,366835000.0,,29.200000762939453
SMTC,FY2024Q1,2024,1,2023-04-30,N,actual,street,236539000.0,98561000.0,0.02,63924000.0,733028000.0,,19.489999771118164
SMTC,FY2023Q4,2023,4,2023-01-31,N,actual,street,167512000.0,99192000.0,0.47,,755852000.0,,33.029998779296875
SMTC,FY2023Q3,2023,3,2022-10-31,N,actual,street,177618000.0,114569000.0,0.65,63855000.0,792412000.0,,27.690000534057617
SMTC,FY2023Q2,2023,2,2022-07-31,N,actual,street,209254000.0,134771000.0,0.87,63977000.0,798858000.0,,62.33000183105469
SMTC,FY2023Q1,2023,1,2022-04-30,N,actual,street,202149000.0,129205000.0,0.8,64553000.0,734983000.0,,59.59999847412109
SMTC,FY2022Q4,2022,4,2022-01-31,N,actual,street,190550000.0,121051000.0,0.7,,737584000.0,,71.0999984741211
SMTC,FY2022Q3,2022,3,2021-10-31,N,actual,street,194932000.0,122391000.0,0.74,65299000.0,718194000.0,,85.02999877929688
SMTC,FY2022Q2,2022,2,2021-07-31,N,actual,street,185004000.0,114134000.0,0.65,65584000.0,708417000.0,,61.90999984741211
SMTC,FY2022Q1,2022,1,2021-04-30,N,actual,street,170372000.0,103563000.0,0.53,66110000.0,704277000.0,,67.73999786376953
SMTC,FY2021Q4,2021,4,2021-01-31,N,actual,street,164673000.0,98869000.0,0.51,,698743000.0,,70.94999694824219
SMTC,FY2021Q3,2021,3,2020-10-31,N,actual,street,154082000.0,92263000.0,0.47,65967000.0,676391000.0,,54.88999938964844
TER,FY2026Q2,2026,2,2026-06-30,N,actual,street,1328990000.0,794618000.0,2.47,157693000.0,3437162000.0,0.13,483.8399963378906
TER,FY2026Q1,2026,1,2026-03-31,N,actual,street,1282494000.0,780949000.0,2.56,157636000.0,3143816000.0,0.13,296.4599914550781
TER,FY2025Q4,2025,4,2025-12-31,N,actual,street,1083337000.0,619690000.0,1.8,157651000.0,2795752000.0,0.12,193.5599975585937
TER,FY2025Q3,2025,3,2025-09-30,N,actual,street,769210000.0,449306000.0,0.85,159097000.0,2717275000.0,0.12,137.63999938964844
TER,FY2025Q2,2025,2,2025-06-30,N,actual,street,651797000.0,373012000.0,0.57,160135000.0,2837301000.0,0.12,89.91999816894531
TER,FY2025Q1,2025,1,2025-03-31,N,actual,street,685680000.0,415336000.0,0.75,161996000.0,2797499000.0,0.12,82.5999984741211
TER,FY2024Q4,2024,4,2024-12-31,N,actual,street,752884000.0,447288000.0,0.95,,2819294000.0,0.12,125.91999816894533
TER,FY2024Q3,2024,3,2024-09-30,N,actual,street,737298000.0,436514000.0,0.9,164253000.0,2902542000.0,0.12,133.92999267578125
TER,FY2024Q2,2024,2,2024-06-30,N,actual,street,729879000.0,425844000.0,,163470000.0,2730812000.0,0.12,148.2899932861328
TER,FY2024Q1,2024,1,2024-03-31,N,actual,street,599819000.0,339282000.0,,162348000.0,2557829000.0,,112.83000183105467
TER,FY2023Q4,2023,4,2023-12-31,N,actual,street,670599000.0,379544000.0,0.79,164304000.0,2525897000.0,0.11,108.5199966430664
TER,FY2023Q3,2023,3,2023-09-30,N,actual,street,703732000.0,398291000.0,0.8,166416750.0,2441300000.0,0.11,100.45999908447266
TER,FY2023Q2,2023,2,2023-06-30,N,actual,street,684437000.0,402492000.0,0.79,164751000.0,2434883000.0,0.11,111.33000183105467
TER,FY2023Q1,2023,1,2023-03-31,N,actual,street,617529000.0,356420000.0,0.55,166308000.0,2449462000.0,0.11,107.51000213623048
TER,FY2022Q4,2022,4,2022-12-31,N,actual,street,731836000.0,420450000.0,0.92,,2451294000.0,0.11,87.3499984741211
TER,FY2022Q3,2022,3,2022-09-30,N,actual,street,827073000.0,485379000.0,1.15,166733.0,2254125000.0,0.11,75.1500015258789
TER,FY2022Q2,2022,2,2022-06-30,N,actual,street,840766000.0,506389000.0,1.21,171159000.0,2298596000.0,0.11,89.55000305175781
TER,FY2022Q1,2022,1,2022-03-31,N,actual,street,755370000.0,454933000.0,0.98,175575000.0,2474532000.0,0.11,118.2300033569336
TER,FY2021Q4,2021,4,2021-12-31,N,actual,street,885046000.0,527048000.0,1.37,,2563956000.0,0.1,163.52999877929688
TER,FY2021Q3,2021,3,2021-09-30,N,actual,street,950501000.0,571001000.0,1.59,181987000.0,2540374000.0,0.1,109.16999816894533
TER,FY2021Q2,2021,2,2021-06-30,N,actual,street,1085728000.0,646989000.0,1.91,186750000.0,2514642000.0,0.1,133.9600067138672
TER,FY2021Q1,2021,1,2021-03-31,N,actual,street,781606000.0,461618000.0,1.11,187740000.0,2325786000.0,0.1,121.68000030517578
TER,FY2020Q4,2020,4,2020-12-31,N,actual,street,758969000.0,449790000.0,1.1,,2210805000.0,0.1,119.88999938964844
TER,FY2020Q3,2020,3,2020-09-30,N,actual,street,819484000.0,458928000.0,1.18,184338000.0,1993544000.0,,79.45999908447266
AAOI,FY2026Q3E,2026,3,2026-09-29,Y,consensus,street,,,0.14333,,,,
AAPL,FY2026Q4E,2026,4,2026-09-29,Y,consensus,street,,,1.97656,,,,
AMZN,FY2026Q3E,2026,3,2026-09-29,Y,consensus,street,,,1.95485,,,,
CEG,FY2026Q3E,2026,3,2026-09-29,Y,consensus,street,,,3.74379,,,,
CRWD,FY2027Q3E,2027,3,2026-10-30,Y,consensus,street,,,0.31116,,,,
DELL,FY2027Q2E,2027,2,2026-07-30,Y,consensus,street,,,4.91986,,,,
DIOD,FY2026Q3E,2026,3,2026-09-29,Y,consensus,street,,,1.055,,,,
GOOG,FY2026Q3E,2026,3,2026-09-29,Y,consensus,street,,,3.00444,,,,
MRVL,FY2027Q3E,2027,3,2026-10-30,Y,consensus,street,,,1.1004,,,,
MSFT,FY2027Q1E,2027,1,2026-09-29,Y,consensus,street,,,4.72092,,,,
MU,FY2026Q4E,2026,4,2026-08-30,Y,consensus,street,,,31.28341,,,,
NET,FY2026Q3E,2026,3,2026-09-29,Y,consensus,street,,,0.34308,,,,
NVDA,FY2027Q3E,2027,3,2026-10-30,Y,consensus,street,,,2.34,,,,
OKTA,FY2027Q3E,2027,3,2026-10-30,Y,consensus,street,,,0.93474,,,,
PLTR,FY2026Q3E,2026,3,2026-09-29,Y,consensus,street,,,0.41452,,,,
QCOM,FY2026Q4E,2026,4,2026-09-29,Y,consensus,street,,,2.1566,,,,
SMTC,FY2027Q3E,2027,3,2026-10-30,Y,consensus,street,,,1.0557,,,,
TER,FY2026Q3E,2026,3,2026-09-29,Y,consensus,street,,,2.05052,,,,
