ticker,next_earnings,checked
AAOI,2026-11-05,2026-09-14
AAPL,2026-10-29,2026-09-14
AMZN,2026-10-29,2026-09-14
AVGO,2026-12-09,2026-09-14
CEG,2026-11-09,2026-09-14
CRWD,2026-12-01,2026-09-14
DELL,2026-11-27,2026-09-14
DIOD,2026-11-05,2026-09-14
GOOG,2026-10-28,2026-09-14
MRVL,2026-12-01,2026-09-14
MSFT,2026-10-28,2026-09-14
MU,2026-09-30,2026-09-14
NET,2026-10-29,2026-09-14
NVDA,2026-11-17,2026-09-14
OKTA,2026-12-01,2026-09-14
PLTR,2026-11-02,2026-09-14
QCOM,2026-10-29,2026-09-14
SMTC,2026-11-23,2026-09-14
TER,2026-10-21,2026-09-14
